Stock,MAE_Day7,RMSE_Day7,MAPE_Day7 (%),Accuracy_Day7 (%),Avg_MAPE (%),Avg_Accuracy (%),Last Actual Price,Predicted Future Price,Predicted Rise,Rise Probability (%),Recommendation,Analysis,Day1_Price,Day2_Price,Day3_Price,Day4_Price,Day5_Price,Day6_Price,Day7_Price
SoftBank Group,528.415846652081,715.9089033078167,10.32889084573399,89.671109154266,8.995825145166327,91.00417485483366,15670.0,21685.715,True,38.39001276324186,STRONG BUY,SoftBank Group is expected to rise by about 38.39%. Consider buying or holding.,21330.4,22510.002,21680.82,21526.916,22599.291,20746.553,21685.715
Mitsubishi Heavy Ind,57.21646810864277,88.35875707016046,9.751813265251212,90.24818673474878,13.089465730026351,86.91053426997364,3861.0,4212.149,True,9.094768194768204,STRONG BUY,Mitsubishi Heavy Ind is expected to rise by about 9.09%. Consider buying or holding.,4251.7295,3912.5608,4170.044,4437.3345,4182.4277,4445.835,4212.149
Advantest,291.0800822844669,407.8842600399363,31.15112607223965,68.84887392776035,35.973459058768064,64.02654094123194,19810.0,21011.035,True,6.0627713276123165,STRONG BUY,Advantest is expected to rise by about 6.06%. Consider buying or holding.,20401.41,18761.346,19972.523,20672.686,21010.777,19798.26,21011.035
Sony Group,102.93820595721333,126.61960005860043,7.863337141732946,92.13666285826706,7.290569792678719,92.70943020732128,4442.0,4685.879,True,5.49029716343989,STRONG BUY,Sony Group is expected to rise by about 5.49%. Consider buying or holding.,4554.144,4603.7334,4560.184,4562.525,4697.2363,4609.922,4685.879
Tokio Marine,108.8815900222919,150.11208051152522,5.709948181218441,94.29005181878156,6.345256260492495,93.6547437395075,5463.0,5712.6016,True,4.5689474647629496,STRONG BUY,Tokio Marine is expected to rise by about 4.57%. Consider buying or holding.,5784.567,5961.558,5740.1084,5718.03,5851.603,6014.7725,5712.6016
Nintendo,299.4672078351954,375.65976799619875,8.58710197198518,91.41289802801482,7.875912777931894,92.1240872220681,12865.0,13440.401,True,4.472607850757869,STRONG BUY,Nintendo is expected to rise by about 4.47%. Consider buying or holding.,13568.017,13599.857,13332.718,13519.883,13516.783,13417.324,13440.401
Keyence,1917.0572440948602,2407.4443101521474,5.592106388794519,94.40789361120548,5.828456580708546,94.17154341929145,52270.0,54071.527,True,3.446579299789558,STRONG BUY,Keyence is expected to rise by about 3.45%. Consider buying or holding.,57844.04,57393.086,55725.734,55938.66,54827.82,55463.11,54071.527
Tokyo Electron,1065.014266357188,1339.4009618472476,16.569177661398154,83.43082233860184,15.47324616077736,84.52675383922262,31300.0,32373.303,True,3.4290830670926518,STRONG BUY,Tokyo Electron is expected to rise by about 3.43%. Consider buying or holding.,31032.902,32561.312,33311.973,32069.459,30812.805,30340.883,32373.303
Recruit Holdings,248.8152151098061,335.2682824549085,6.821754319843441,93.17824568015656,8.435083925369717,91.56491607463029,7811.0,8031.442,True,2.822199462296761,STRONG BUY,Recruit Holdings is expected to rise by about 2.82%. Consider buying or holding.,7989.7246,7972.032,7845.169,8761.843,8696.774,8636.788,8031.442
Toyota,77.19375116049284,98.20156021154851,5.040372685521245,94.95962731447875,5.208433823212125,94.7915661767879,3045.0,3117.7532,True,2.3892676518883453,STRONG BUY,Toyota is expected to rise by about 2.39%. Consider buying or holding.,3141.8943,3082.7744,3290.1685,3139.2703,3247.4702,3232.0723,3117.7532
NTT,3.9188566101334414,4.709745539997263,4.218650873002965,95.78134912699703,3.635798072926395,96.36420192707361,155.6999969482422,158.88927,True,2.0483449674170524,STRONG BUY,NTT is expected to rise by about 2.05%. Consider buying or holding.,154.46986,167.88141,153.58147,155.6564,158.25322,152.87141,158.88927
Fast Retailing,1093.0794449916539,1388.4857336486218,5.516034647575636,94.48396535242436,5.882423059189618,94.11757694081038,56950.0,57778.945,True,1.4555662862159786,BUY,Fast Retailing is expected to rise by about 1.46%. Consider buying or holding.,55738.57,57246.75,54717.055,53732.316,59178.707,56660.805,57778.945
ITOCHU,231.01102221186363,270.8334949865236,11.82179933381625,88.17820066618376,10.20421280743243,89.79578719256757,9203.0,9220.289,True,0.1878626534825673,BUY,ITOCHU is expected to rise by about 0.19%. Consider buying or holding.,9460.032,8818.597,9159.472,8825.89,8891.227,9027.521,9220.289
Hitachi,94.52270471684854,131.81428928062974,8.96618424160919,91.03381575839082,10.16184944959719,89.8381505504028,4893.0,4815.0938,False,-1.592197016145521,SELL,Hitachi is expected to fall by about 1.59%. A cautious approach is recommended.,4765.888,4751.0713,4929.167,4887.31,5105.49,4909.8003,4815.0938
Mitsubishi Corp,71.00164169513683,89.93895517637364,7.251408798569346,92.74859120143066,6.931556893944796,93.06844310605518,3678.0,3572.7773,False,-2.8608673191952096,SELL,Mitsubishi Corp is expected to fall by about 2.86%. A cautious approach is recommended.,3581.799,3531.6687,3466.837,3659.9226,3673.7935,3834.3135,3572.7773
Mitsui & Co,81.47515496043803,101.7499319739738,7.838302657476006,92.161697342524,7.132298438560673,92.86770156143935,4119.0,3962.0256,False,-3.810983248361254,SELL,Mitsui & Co is expected to fall by about 3.81%. A cautious approach is recommended.,3964.5728,3795.8677,3917.3767,4069.6746,4082.342,3982.3887,3962.0256
Chugai Pharma,194.44585405957696,243.90334394113205,7.941072809745759,92.05892719025424,7.75869520184453,92.24130479815548,8150.0,7831.592,False,-3.906846625766876,SELL,Chugai Pharma is expected to fall by about 3.91%. A cautious approach is recommended.,7412.2896,7322.268,7508.9033,7565.722,7645.8115,7877.8477,7831.592
Mizuho Financial,121.90634791618933,146.6191642013821,7.56573603033936,92.43426396966063,6.0242476310350925,93.9757523689649,5619.0,5223.0713,False,-7.046248442783421,SELL,Mizuho Financial is expected to fall by about 7.05%. A cautious approach is recommended.,5200.517,5168.41,5200.5786,5197.469,5114.548,5164.9775,5223.0713
Mitsubishi UFJ Financial,46.297081274415305,58.86971882537475,7.472321017567843,92.52767898243215,7.590402491032252,92.40959750896774,2523.5,2282.3162,False,-9.557511392906669,SELL,Mitsubishi UFJ Financial is expected to fall by about 9.56%. A cautious approach is recommended.,2425.724,2323.7126,2282.0886,2324.4487,2338.0547,2235.1008,2282.3162
SMFG,97.19093386411191,125.03830585567883,7.217623873956017,92.78237612604399,7.153841205683904,92.84615879431611,4918.0,4086.4556,False,-16.908182187881255,SELL,SMFG is expected to fall by about 16.91%. A cautious approach is recommended.,4304.193,4333.158,4197.1475,4276.2827,4272.7256,4497.002,4086.4556
